fecha,hora_utc,modo,clave,tipo,origen,destino,vuelta_desde,ida,vuelta,estado,n_opciones,precio_min,creditos_restantes,serpapi_id,archivo_raw,nota
2026-09-14,15:29,diario,RT-SCL-OPO-20270712-20270731,RT,SCL,OPO,OPO,2027-07-12,2027-07-31,ok,12,2868237,241,6aa812db9b762d8a11ec6791,data/raw/2026-09-14/RT-SCL-OPO-20270712-20270731.json.gz,
2026-09-14,15:29,diario,RT-SCL-LIS-20270712-20270731,RT,SCL,LIS,LIS,2027-07-12,2027-07-31,ok,11,2944373,241,6aa812e2ff7aa250395ed53b,data/raw/2026-09-14/RT-SCL-LIS-20270712-20270731.json.gz,
2026-09-14,15:29,diario,RT-CCP-OPO-20270712-20270731,RT,CCP,OPO,OPO,2027-07-12,2027-07-31,ok,8,4549092,240,6aa8114f4de49abb2aa7ff77,data/raw/2026-09-14/RT-CCP-OPO-20270712-20270731.json.gz,
2026-09-14,15:29,diario,OJ-SCL-OPO-LIS-20270712-20270731,OJ,SCL,OPO,LIS,2027-07-12,2027-07-31,ok,12,2864171,240,6aa812e595a694338662eae9,data/raw/2026-09-14/OJ-SCL-OPO-LIS-20270712-20270731.json.gz,
2026-09-14,15:29,diario,OJ-SCL-LIS-OPO-20270712-20270731,OJ,SCL,LIS,OPO,2027-07-12,2027-07-31,ok,13,2865635,238,6aa812eb9a1f2cc6ef0e01bf,data/raw/2026-09-14/OJ-SCL-LIS-OPO-20270712-20270731.json.gz,
2026-09-14,15:30,diario,RT-SCL-OPO-20270710-20270729,RT,SCL,OPO,OPO,2027-07-10,2027-07-29,ok,6,2847567,238,6aa812f4abe7ec27d0fa0bba,data/raw/2026-09-14/RT-SCL-OPO-20270710-20270729.json.gz,
2026-09-15,15:36,diario,RT-SCL-OPO-20270712-20270731,RT,SCL,OPO,OPO,2027-07-12,2027-07-31,ok,12,2895342,236,6aa965f3d08cfe37ce4663d2,data/raw/2026-09-15/RT-SCL-OPO-20270712-20270731.json.gz,
2026-09-15,15:36,diario,RT-SCL-LIS-20270712-20270731,RT,SCL,LIS,LIS,2027-07-12,2027-07-31,ok,10,3101566,235,6aa965fab255a8b95796b038,data/raw/2026-09-15/RT-SCL-LIS-20270712-20270731.json.gz,
2026-09-15,15:36,diario,RT-CCP-OPO-20270712-20270731,RT,CCP,OPO,OPO,2027-07-12,2027-07-31,ok,2,5250939,234,6aa965fc71577f1cf3ff0968,data/raw/2026-09-15/RT-CCP-OPO-20270712-20270731.json.gz,
2026-09-15,15:36,diario,RT-SCL-LIS-20270710-20270729,RT,SCL,LIS,LIS,2027-07-10,2027-07-29,ok,14,2845070,234,6aa9660105bb596c36e21d8a,data/raw/2026-09-15/RT-SCL-LIS-20270710-20270729.json.gz,
2026-09-15,15:36,diario,RT-SCL-OPO-20270710-20270730,RT,SCL,OPO,OPO,2027-07-10,2027-07-30,ok,12,3092581,233,6aa96605f73e4d5ca3710b45,data/raw/2026-09-15/RT-SCL-OPO-20270710-20270730.json.gz,
2026-09-15,15:36,diario,RT-SCL-LIS-20270710-20270730,RT,SCL,LIS,LIS,2027-07-10,2027-07-30,ok,10,3225951,231,6aa9660cfda6073ac23b5af9,data/raw/2026-09-15/RT-SCL-LIS-20270710-20270730.json.gz,
2026-09-15,19:38,cyber,RT-SCL-OPO-20270712-20270731,RT,SCL,OPO,OPO,2027-07-12,2027-07-31,ok,6,2923723,229,6aa99eaebde979e1d71aeb25,data/raw/2026-09-15/RT-SCL-OPO-20270712-20270731_cyber_1638.json.gz,
2026-09-15,19:38,cyber,RT-SCL-LIS-20270712-20270731,RT,SCL,LIS,LIS,2027-07-12,2027-07-31,ok,10,3101566,227,6aa99eb499d5f4a3494c49a9,data/raw/2026-09-15/RT-SCL-LIS-20270712-20270731_cyber_1638.json.gz,
2026-09-15,19:38,cyber,RT-CCP-OPO-20270712-20270731,RT,CCP,OPO,OPO,2027-07-12,2027-07-31,ok,8,4623408,227,6aa99ec27af89962e7b2bcb2,data/raw/2026-09-15/RT-CCP-OPO-20270712-20270731_cyber_1638.json.gz,
2026-09-15,19:38,cyber,RT-SCL-LIS-20270712-20270731-LA,RT,SCL,LIS,LIS,2027-07-12,2027-07-31,ok,4,3475383,227,6aa99cf8a7d7849a78fca4db,data/raw/2026-09-15/RT-SCL-LIS-20270712-20270731-LA_cyber_1638.json.gz,
2026-09-15,20:40,verificacion,RT-SCL-OPO-20270712-20270801,RT,SCL,OPO,OPO,2027-07-12,2027-08-01,ok,1,2719092,223,6aa9ac9395e0b3fe88486845,data/raw/2026-09-15/RT-SCL-OPO-20270712-20270801_verificacion_1740.json.gz,vuelta verificada: 1 de 3 llegan a Chile a más tardar el 01-08
2026-09-16,13:30,diario,RT-SCL-OPO-20270712-20270731,RT,SCL,OPO,OPO,2027-07-12,2027-07-31,ok,12,2900553,222,6aaa99dd69819d5ae5744949,data/raw/2026-09-16/RT-SCL-OPO-20270712-20270731.json.gz,
2026-09-16,13:30,diario,RT-SCL-LIS-20270712-20270731,RT,SCL,LIS,LIS,2027-07-12,2027-07-31,ok,10,3107499,221,6aaa99e46f1e407cd9b5a8ab,data/raw/2026-09-16/RT-SCL-LIS-20270712-20270731.json.gz,
2026-09-16,13:30,diario,RT-CCP-OPO-20270712-20270731,RT,CCP,OPO,OPO,2027-07-12,2027-07-31,ok,8,4632549,220,6aaa99e82ddc4366e2a3946b,data/raw/2026-09-16/RT-CCP-OPO-20270712-20270731.json.gz,
2026-09-16,13:30,diario,RT-SCL-OPO-20270710-20270731,RT,SCL,OPO,OPO,2027-07-10,2027-07-31,ok,13,3001731,219,6aaa99f03d06ea4c1131164b,data/raw/2026-09-16/RT-SCL-OPO-20270710-20270731.json.gz,
2026-09-16,13:30,diario,RT-SCL-LIS-20270710-20270731,RT,SCL,LIS,LIS,2027-07-10,2027-07-31,ok,14,3185934,219,6aaa99fb4632b581321628c9,data/raw/2026-09-16/RT-SCL-LIS-20270710-20270731.json.gz,
2026-09-16,13:30,diario,RT-SCL-OPO-20270710-20270801,RT,SCL,OPO,OPO,2027-07-10,2027-08-01,ok,1,2880222,216,6aaa99ff4707f16f81fc04d4,data/raw/2026-09-16/RT-SCL-OPO-20270710-20270801.json.gz,vuelta verificada: 1 de 3 llegan a Chile a más tardar el 01-08
2026-09-17,13:30,diario,RT-SCL-OPO-20270712-20270731,RT,SCL,OPO,OPO,2027-07-12,2027-07-31,ok,6,3075773,216,6aabeb5b5604336d086619d7,data/raw/2026-09-17/RT-SCL-OPO-20270712-20270731.json.gz,
2026-09-17,13:30,diario,RT-SCL-LIS-20270712-20270731,RT,SCL,LIS,LIS,2027-07-12,2027-07-31,ok,10,3123722,214,6aabeb608da5ea8d53de35d6,data/raw/2026-09-17/RT-SCL-LIS-20270712-20270731.json.gz,
2026-09-17,13:30,diario,RT-CCP-OPO-20270712-20270731,RT,CCP,OPO,OPO,2027-07-12,2027-07-31,ok,8,4656597,214,6aabeb63408027a71d61364d,data/raw/2026-09-17/RT-CCP-OPO-20270712-20270731.json.gz,
2026-09-17,13:30,diario,RT-SCL-LIS-20270710-20270801,RT,SCL,LIS,LIS,2027-07-10,2027-08-01,ok,1,2865322,211,6aabeb69054e5f5f6bc2867a,data/raw/2026-09-17/RT-SCL-LIS-20270710-20270801.json.gz,vuelta verificada: 1 de 5 llegan a Chile a más tardar el 01-08
2026-09-17,13:30,diario,RT-SCL-OPO-20270711-20270729,RT,SCL,OPO,OPO,2027-07-11,2027-07-29,ok,9,2738523,210,6aabeb75231ffe74859f3f5a,data/raw/2026-09-17/RT-SCL-OPO-20270711-20270729.json.gz,
2026-09-17,13:30,diario,RT-SCL-LIS-20270711-20270729,RT,SCL,LIS,LIS,2027-07-11,2027-07-29,ok,12,2708572,210,6aabeb7c3c99ba3c15a392cb,data/raw/2026-09-17/RT-SCL-LIS-20270711-20270729.json.gz,
2026-09-18,13:30,diario,RT-SCL-OPO-20270712-20270731,RT,SCL,OPO,OPO,2027-07-12,2027-07-31,ok,12,2921367,208,6aad3cdcacb3e4f439bbfa25,data/raw/2026-09-18/RT-SCL-OPO-20270712-20270731.json.gz,
2026-09-18,13:30,diario,RT-SCL-LIS-20270712-20270731,RT,SCL,LIS,LIS,2027-07-12,2027-07-31,ok,10,3130051,207,6aad3ce271b4925a80053c07,data/raw/2026-09-18/RT-SCL-LIS-20270712-20270731.json.gz,
2026-09-18,13:30,diario,RT-CCP-OPO-20270712-20270731,RT,CCP,OPO,OPO,2027-07-12,2027-07-31,ok,8,4666044,206,6aad3ce503b1361e5bb119a7,data/raw/2026-09-18/RT-CCP-OPO-20270712-20270731.json.gz,
2026-09-18,13:30,diario,RT-SCL-OPO-20270711-20270730,RT,SCL,OPO,OPO,2027-07-11,2027-07-30,ok,11,3085924,205,6aad3ceba8dce6701dd3e37a,data/raw/2026-09-18/RT-SCL-OPO-20270711-20270730.json.gz,
2026-09-18,13:30,diario,RT-SCL-LIS-20270711-20270730,RT,SCL,LIS,LIS,2027-07-11,2027-07-30,ok,7,3097902,205,6aad3cf2f9aa7321f07bedea,data/raw/2026-09-18/RT-SCL-LIS-20270711-20270730.json.gz,
2026-09-18,13:30,diario,RT-SCL-OPO-20270711-20270731,RT,SCL,OPO,OPO,2027-07-11,2027-07-31,ok,12,2879340,204,6aad3cf5408027b430dcc065,data/raw/2026-09-18/RT-SCL-OPO-20270711-20270731.json.gz,
2026-09-19,13:30,diario,RT-SCL-OPO-20270712-20270731,RT,SCL,OPO,OPO,2027-07-12,2027-07-31,ok,12,2941821,202,6aae8e5d5a5e96105517cd83,data/raw/2026-09-19/RT-SCL-OPO-20270712-20270731.json.gz,
2026-09-19,13:30,diario,RT-SCL-LIS-20270712-20270731,RT,SCL,LIS,LIS,2027-07-12,2027-07-31,ok,10,3152366,202,6aae8e63703f171af7c4e313,data/raw/2026-09-19/RT-SCL-LIS-20270712-20270731.json.gz,
2026-09-19,13:30,diario,RT-CCP-OPO-20270712-20270731,RT,CCP,OPO,OPO,2027-07-12,2027-07-31,ok,8,4699248,200,6aae8e66a1de1239970c4c8b,data/raw/2026-09-19/RT-CCP-OPO-20270712-20270731.json.gz,
2026-09-19,13:30,diario,RT-SCL-LIS-20270711-20270731,RT,SCL,LIS,LIS,2027-07-11,2027-07-31,ok,9,3073728,199,6aae8e7131aafe88de7e0071,data/raw/2026-09-19/RT-SCL-LIS-20270711-20270731.json.gz,
2026-09-19,13:30,diario,RT-SCL-OPO-20270711-20270801,RT,SCL,OPO,OPO,2027-07-11,2027-08-01,ok,1,2763642,197,6aae8e74d355cccb27bb1036,data/raw/2026-09-19/RT-SCL-OPO-20270711-20270801.json.gz,vuelta verificada: 1 de 4 llegan a Chile a más tardar el 01-08
2026-09-19,13:30,diario,RT-SCL-LIS-20270711-20270801,RT,SCL,LIS,LIS,2027-07-11,2027-08-01,ok,1,2733283,195,6aae8e7f0ccffb318cb17e79,data/raw/2026-09-19/RT-SCL-LIS-20270711-20270801.json.gz,vuelta verificada: 1 de 5 llegan a Chile a más tardar el 01-08
2026-09-21,13:30,diario,RT-SCL-OPO-20270712-20270731,RT,SCL,OPO,OPO,2027-07-12,2027-07-31,ok,13,2875791,194,6ab131657d6e7060e9e56927,data/raw/2026-09-21/RT-SCL-OPO-20270712-20270731.json.gz,
2026-09-21,13:30,diario,RT-SCL-LIS-20270712-20270731,RT,SCL,LIS,LIS,2027-07-12,2027-07-31,ok,11,3152366,194,6ab1317102706a586772b089,data/raw/2026-09-21/RT-SCL-LIS-20270712-20270731.json.gz,
2026-09-21,13:30,diario,RT-CCP-OPO-20270712-20270731,RT,CCP,OPO,OPO,2027-07-12,2027-07-31,ok,2,5414572,192,6ab131752efef86b4623de1a,data/raw/2026-09-21/RT-CCP-OPO-20270712-20270731.json.gz,
2026-09-21,13:30,diario,RT-SCL-LIS-20270712-20270730,RT,SCL,LIS,LIS,2027-07-12,2027-07-30,ok,12,3199162,192,6ab131796feec43cdacfb0f2,data/raw/2026-09-21/RT-SCL-LIS-20270712-20270730.json.gz,
2026-09-21,13:30,diario,RT-SCL-OPO-20270712-20270801,RT,SCL,OPO,OPO,2027-07-12,2027-08-01,ok,1,2763642,190,6ab1317cf96561d2fc578824,data/raw/2026-09-21/RT-SCL-OPO-20270712-20270801.json.gz,vuelta verificada: 1 de 3 llegan a Chile a más tardar el 01-08
2026-09-21,13:31,diario,RT-SCL-LIS-20270712-20270801,RT,SCL,LIS,LIS,2027-07-12,2027-08-01,ok,1,2811921,187,6ab13183acb3e469c4e3b7e8,data/raw/2026-09-21/RT-SCL-LIS-20270712-20270801.json.gz,vuelta verificada: 1 de 5 llegan a Chile a más tardar el 01-08
2026-09-22,13:30,diario,RT-SCL-OPO-20270712-20270731,RT,SCL,OPO,OPO,2027-07-12,2027-07-31,ok,12,2945124,186,6ab282dbd355cc1c72278a3e,data/raw/2026-09-22/RT-SCL-OPO-20270712-20270731.json.gz,
2026-09-22,13:30,diario,RT-SCL-LIS-20270712-20270731,RT,SCL,LIS,LIS,2027-07-12,2027-07-31,ok,12,3155817,185,6ab282e10d0b29862cd5e568,data/raw/2026-09-22/RT-SCL-LIS-20270712-20270731.json.gz,
2026-09-22,13:30,diario,RT-CCP-OPO-20270712-20270731,RT,CCP,OPO,OPO,2027-07-12,2027-07-31,ok,8,4704438,184,6ab282eda26f561d90291dfe,data/raw/2026-09-22/RT-CCP-OPO-20270712-20270731.json.gz,
2026-09-22,13:30,diario,RT-SCL-OPO-20270713-20270729,RT,SCL,OPO,OPO,2027-07-13,2027-07-29,ok,15,2766666,184,6ab282f8dd2e1668d875fe0b,data/raw/2026-09-22/RT-SCL-OPO-20270713-20270729.json.gz,
2026-09-22,13:30,diario,RT-SCL-LIS-20270713-20270729,RT,SCL,LIS,LIS,2027-07-13,2027-07-29,ok,11,2736297,182,6ab282fed0a88f1e10a871e5,data/raw/2026-09-22/RT-SCL-LIS-20270713-20270729.json.gz,
2026-09-22,13:31,diario,RT-SCL-OPO-20270713-20270730,RT,SCL,OPO,OPO,2027-07-13,2027-07-30,ok,14,2855886,181,6ab2830beb55a3957663c93b,data/raw/2026-09-22/RT-SCL-OPO-20270713-20270730.json.gz,
2026-09-23,13:30,diario,RT-SCL-OPO-20270712-20270731,RT,SCL,OPO,OPO,2027-07-12,2027-07-31,ok,6,3091144,180,6ab3d45b526c486ecfe27ac6,data/raw/2026-09-23/RT-SCL-OPO-20270712-20270731.json.gz,
2026-09-23,13:30,diario,RT-SCL-LIS-20270712-20270731,RT,SCL,LIS,LIS,2027-07-12,2027-07-31,ok,10,3139219,179,6ab3d4640676dcfb98a455aa,data/raw/2026-09-23/RT-SCL-LIS-20270712-20270731.json.gz,
2026-09-23,13:30,diario,RT-CCP-OPO-20270712-20270731,RT,CCP,OPO,OPO,2027-07-12,2027-07-31,ok,8,4679853,178,6ab3d4670a91562602315011,data/raw/2026-09-23/RT-CCP-OPO-20270712-20270731.json.gz,
2026-09-23,13:30,diario,RT-SCL-LIS-20270713-20270730,RT,SCL,LIS,LIS,2027-07-13,2027-07-30,ok,11,3064569,178,6ab3d46e703f1783bebd88d6,data/raw/2026-09-23/RT-SCL-LIS-20270713-20270730.json.gz,
2026-09-23,13:30,diario,RT-SCL-OPO-20270713-20270731,RT,SCL,OPO,OPO,2027-07-13,2027-07-31,ok,13,2929554,176,6ab3d47141ffc8300ecab1c5,data/raw/2026-09-23/RT-SCL-OPO-20270713-20270731.json.gz,
2026-09-23,13:30,diario,RT-SCL-LIS-20270713-20270731,RT,SCL,LIS,LIS,2027-07-13,2027-07-31,ok,11,3060909,175,6ab3d47ddbb9ff5908c83a2c,data/raw/2026-09-23/RT-SCL-LIS-20270713-20270731.json.gz,
2026-09-24,13:30,diario,RT-SCL-OPO-20270712-20270731,RT,SCL,OPO,OPO,2027-07-12,2027-07-31,ok,11,2985414,174,6ab525dc0e285d4377ca23d3,data/raw/2026-09-24/RT-SCL-OPO-20270712-20270731.json.gz,
2026-09-24,13:30,diario,RT-SCL-LIS-20270712-20270731,RT,SCL,LIS,LIS,2027-07-12,2027-07-31,ok,9,3115929,173,6ab525e4f0114a1fce5c38c0,data/raw/2026-09-24/RT-SCL-LIS-20270712-20270731.json.gz,
2026-09-24,13:30,diario,RT-CCP-OPO-20270712-20270731,RT,CCP,OPO,OPO,2027-07-12,2027-07-31,ok,8,4645857,172,6ab525ee06ca7f5671be19ca,data/raw/2026-09-24/RT-CCP-OPO-20270712-20270731.json.gz,
2026-09-24,13:30,diario,RT-SCL-OPO-20270713-20270801,RT,SCL,OPO,OPO,2027-07-13,2027-08-01,ok,1,2809437,170,6ab525f49f8abc3388728013,data/raw/2026-09-24/RT-SCL-OPO-20270713-20270801.json.gz,vuelta verificada: 1 de 3 llegan a Chile a más tardar el 01-08
2026-09-24,13:30,diario,RT-SCL-LIS-20270713-20270801,RT,SCL,LIS,LIS,2027-07-13,2027-08-01,ok,1,2779389,168,6ab52602af5fdcd6a0287504,data/raw/2026-09-24/RT-SCL-LIS-20270713-20270801.json.gz,vuelta verificada: 1 de 4 llegan a Chile a más tardar el 01-08
2026-09-24,13:31,diario,RT-SCL-OPO-20270714-20270729,RT,SCL,OPO,OPO,2027-07-14,2027-07-29,ok,14,2809437,167,6ab52612a973c49f178d6032,data/raw/2026-09-24/RT-SCL-OPO-20270714-20270729.json.gz,
2026-09-25,13:30,diario,RT-SCL-OPO-20270712-20270731,RT,SCL,OPO,OPO,2027-07-12,2027-07-31,ok,11,3006454,166,6ab6775c49579ae40fd442bf,data/raw/2026-09-25/RT-SCL-OPO-20270712-20270731.json.gz,
2026-09-25,13:30,diario,RT-SCL-LIS-20270712-20270731,RT,SCL,LIS,LIS,2027-07-12,2027-07-31,ok,9,3138241,165,6ab6776850d43e558e130418,data/raw/2026-09-25/RT-SCL-LIS-20270712-20270731.json.gz,
2026-09-25,13:30,diario,RT-CCP-OPO-20270712-20270731,RT,CCP,OPO,OPO,2027-07-12,2027-07-31,ok,8,4679202,164,6ab6777c3d40b6bddc5bb4d3,data/raw/2026-09-25/RT-CCP-OPO-20270712-20270731.json.gz,
2026-09-25,13:30,diario,RT-SCL-LIS-20270714-20270729,RT,SCL,LIS,LIS,2027-07-14,2027-07-29,ok,11,2799216,163,6ab6778480f30e4104d91a76,data/raw/2026-09-25/RT-SCL-LIS-20270714-20270729.json.gz,
2026-09-25,13:31,diario,RT-SCL-OPO-20270714-20270730,RT,SCL,OPO,OPO,2027-07-14,2027-07-30,ok,10,2919340,162,6ab6778cad9ecf6076a941d6,data/raw/2026-09-25/RT-SCL-OPO-20270714-20270730.json.gz,
2026-09-25,13:31,diario,RT-SCL-LIS-20270714-20270730,RT,SCL,LIS,LIS,2027-07-14,2027-07-30,ok,12,3142541,162,6ab6779577e3d958a2b74f99,data/raw/2026-09-25/RT-SCL-LIS-20270714-20270730.json.gz,
2026-09-26,21:35,diario,RT-SCL-OPO-20270712-20270731,RT,SCL,OPO,OPO,2027-07-12,2027-07-31,ok,10,3034132,161,6ab83a7f4c437f021dbcf0c8,data/raw/2026-09-26/RT-SCL-OPO-20270712-20270731.json.gz,
2026-09-26,21:35,diario,RT-SCL-LIS-20270712-20270731,RT,SCL,LIS,LIS,2027-07-12,2027-07-31,ok,11,2961399,159,6ab83a85bf04d5a29556fe74,data/raw/2026-09-26/RT-SCL-LIS-20270712-20270731.json.gz,
2026-09-26,21:35,diario,RT-CCP-OPO-20270712-20270731,RT,CCP,OPO,OPO,2027-07-12,2027-07-31,ok,8,4722459,158,6ab83a8971a41dfb461f9ffb,data/raw/2026-09-26/RT-CCP-OPO-20270712-20270731.json.gz,
2026-09-26,21:35,diario,RT-SCL-OPO-20270714-20270731,RT,SCL,OPO,OPO,2027-07-14,2027-07-31,ok,13,2992111,157,6ab83a90792d680c72893e00,data/raw/2026-09-26/RT-SCL-OPO-20270714-20270731.json.gz,
2026-09-26,21:35,diario,RT-SCL-LIS-20270714-20270731,RT,SCL,LIS,LIS,2027-07-14,2027-07-31,ok,11,3167365,156,6ab83a98fd81c8f30556f218,data/raw/2026-09-26/RT-SCL-LIS-20270714-20270731.json.gz,
2026-09-26,21:35,diario,RT-SCL-OPO-20270714-20270801,RT,SCL,OPO,OPO,2027-07-14,2027-08-01,ok,1,2855857,155,6ab83a9be6425066b946d60c,data/raw/2026-09-26/RT-SCL-OPO-20270714-20270801.json.gz,vuelta verificada: 1 de 2 llegan a Chile a más tardar el 01-08
2026-09-27,13:30,diario,RT-SCL-OPO-20270712-20270731,RT,SCL,OPO,OPO,2027-07-12,2027-07-31,ok,10,3034132,153,6ab91a5ba8dce6cd356e0a47,data/raw/2026-09-27/RT-SCL-OPO-20270712-20270731.json.gz,
2026-09-27,13:30,diario,RT-SCL-LIS-20270712-20270731,RT,SCL,LIS,LIS,2027-07-12,2027-07-31,ok,11,2961399,153,6ab91a63634a63f513d1e71e,data/raw/2026-09-27/RT-SCL-LIS-20270712-20270731.json.gz,
2026-09-27,13:30,diario,RT-CCP-OPO-20270712-20270731,RT,CCP,OPO,OPO,2027-07-12,2027-07-31,ok,8,4722459,151,6ab91a6631a601228333546a,data/raw/2026-09-27/RT-CCP-OPO-20270712-20270731.json.gz,
2026-09-27,13:30,diario,RT-SCL-LIS-20270714-20270801,RT,SCL,LIS,LIS,2027-07-14,2027-08-01,ok,1,2825145,149,6ab91a6c71a41d83839f7daf,data/raw/2026-09-27/RT-SCL-LIS-20270714-20270801.json.gz,vuelta verificada: 1 de 5 llegan a Chile a más tardar el 01-08
2026-09-27,13:30,diario,OJ-SCL-OPO-LIS-20270712-20270731,OJ,SCL,OPO,LIS,2027-07-12,2027-07-31,ok,11,3030412,148,6ab91a741325832a8a21d6d5,data/raw/2026-09-27/OJ-SCL-OPO-LIS-20270712-20270731.json.gz,
2026-09-27,13:30,diario,OJ-SCL-LIS-OPO-20270712-20270731,OJ,SCL,LIS,OPO,2027-07-12,2027-07-31,ok,14,3008104,148,6ab91a7f05bb5917da430a21,data/raw/2026-09-27/OJ-SCL-LIS-OPO-20270712-20270731.json.gz,
2026-09-28,13:30,diario,RT-SCL-OPO-20270712-20270731,RT,SCL,OPO,OPO,2027-07-12,2027-07-31,ok,10,3034132,146,6aba6bdd95a6946ecdb734f1,data/raw/2026-09-28/RT-SCL-OPO-20270712-20270731.json.gz,
2026-09-28,13:30,diario,RT-SCL-LIS-20270712-20270731,RT,SCL,LIS,LIS,2027-07-12,2027-07-31,ok,11,2961399,146,6aba6be8f052752ee0d56c9e,data/raw/2026-09-28/RT-SCL-LIS-20270712-20270731.json.gz,
2026-09-28,13:30,diario,RT-CCP-OPO-20270712-20270731,RT,CCP,OPO,OPO,2027-07-12,2027-07-31,ok,8,4722459,144,6aba6beb7dcfbe4b50b4d909,data/raw/2026-09-28/RT-CCP-OPO-20270712-20270731.json.gz,
2026-09-28,13:30,diario,RT-SCL-OPO-20270710-20270729,RT,SCL,OPO,OPO,2027-07-10,2027-07-29,ok,11,2855857,143,6aba6bf12328e142d00210a7,data/raw/2026-09-28/RT-SCL-OPO-20270710-20270729.json.gz,
2026-09-28,13:30,diario,RT-SCL-LIS-20270710-20270729,RT,SCL,LIS,LIS,2027-07-10,2027-07-29,ok,16,2825145,142,6aba6c03217ade01a3d5bcce,data/raw/2026-09-28/RT-SCL-LIS-20270710-20270729.json.gz,
2026-09-28,13:30,diario,RT-SCL-OPO-20270710-20270730,RT,SCL,OPO,OPO,2027-07-10,2027-07-30,ok,12,2946484,141,6aba6c07421b0827dae7581a,data/raw/2026-09-28/RT-SCL-OPO-20270710-20270730.json.gz,
2026-09-29,13:30,diario,RT-SCL-OPO-20270712-20270731,RT,SCL,OPO,OPO,2027-07-12,2027-07-31,ok,6,3191602,141,6abbbd5afdfbaba508542780,data/raw/2026-09-29/RT-SCL-OPO-20270712-20270731.json.gz,
2026-09-29,13:30,diario,RT-SCL-LIS-20270712-20270731,RT,SCL,LIS,LIS,2027-07-12,2027-07-31,ok,12,2955510,139,6abbbd60018c48db4015b23a,data/raw/2026-09-29/RT-SCL-LIS-20270712-20270731.json.gz,
2026-09-29,13:30,diario,RT-CCP-OPO-20270712-20270731,RT,CCP,OPO,OPO,2027-07-12,2027-07-31,ok,9,4712922,138,6abbbd63d02d2ace99ed11d8,data/raw/2026-09-29/RT-CCP-OPO-20270712-20270731.json.gz,
2026-09-29,13:30,diario,RT-SCL-LIS-20270710-20270730,RT,SCL,LIS,LIS,2027-07-10,2027-07-30,ok,16,3153287,138,6abbbd69af5fdc568f9dd1c1,data/raw/2026-09-29/RT-SCL-LIS-20270710-20270730.json.gz,
2026-09-29,13:30,diario,RT-SCL-OPO-20270710-20270731,RT,SCL,OPO,OPO,2027-07-10,2027-07-31,ok,12,3028112,136,6abbbd6d04e10ab067d02fa6,data/raw/2026-09-29/RT-SCL-OPO-20270710-20270731.json.gz,
2026-09-29,13:30,diario,RT-SCL-LIS-20270710-20270731,RT,SCL,LIS,LIS,2027-07-10,2027-07-31,ok,14,2997489,136,6abbbd784707f10339675c41,data/raw/2026-09-29/RT-SCL-LIS-20270710-20270731.json.gz,
2026-09-30,13:30,diario,RT-SCL-OPO-20270712-20270731,RT,SCL,OPO,OPO,2027-07-12,2027-07-31,ok,10,3040401,135,6abd0edceb55a3ab483cf69b,data/raw/2026-09-30/RT-SCL-OPO-20270712-20270731.json.gz,
2026-09-30,13:30,diario,RT-SCL-LIS-20270712-20270731,RT,SCL,LIS,LIS,2027-07-12,2027-07-31,ok,12,2967519,133,6abd0ee2d6eb7258df4a8f14,data/raw/2026-09-30/RT-SCL-LIS-20270712-20270731.json.gz,
2026-09-30,13:30,diario,RT-CCP-OPO-20270712-20270731,RT,CCP,OPO,OPO,2027-07-12,2027-07-31,ok,8,4362834,132,6abd0ef3ab28c63beec005a9,data/raw/2026-09-30/RT-CCP-OPO-20270712-20270731.json.gz,
2026-09-30,13:31,diario,RT-SCL-OPO-20270710-20270801,RT,SCL,OPO,OPO,2027-07-10,2027-08-01,ok,1,2861766,130,6abd0f083d8701f1784f396d,data/raw/2026-09-30/RT-SCL-OPO-20270710-20270801.json.gz,vuelta verificada: 1 de 2 llegan a Chile a más tardar el 01-08
2026-09-30,13:31,diario,RT-SCL-LIS-20270710-20270801,RT,SCL,LIS,LIS,2027-07-10,2027-08-01,ok,1,2830989,129,6abd0f17d2d7408e6a3161e6,data/raw/2026-09-30/RT-SCL-LIS-20270710-20270801.json.gz,vuelta verificada: 1 de 5 llegan a Chile a más tardar el 01-08
2026-09-30,13:31,diario,RT-SCL-OPO-20270711-20270729,RT,SCL,OPO,OPO,2027-07-11,2027-07-29,ok,10,2861766,127,6abd0f20afea45deb0a7ce09,data/raw/2026-09-30/RT-SCL-OPO-20270711-20270729.json.gz,
2026-10-01,13:30,diario,RT-SCL-OPO-20270712-20270731,RT,SCL,OPO,OPO,2027-07-12,2027-07-31,ok,10,3052372,127,6abe605c12eb14240cea2563,data/raw/2026-10-01/RT-SCL-OPO-20270712-20270731.json.gz,
2026-10-01,13:30,diario,RT-SCL-LIS-20270712-20270731,RT,SCL,LIS,LIS,2027-07-12,2027-07-31,ok,11,3021411,125,6abe6062fd5991fe65d37a2f,data/raw/2026-10-01/RT-SCL-LIS-20270712-20270731.json.gz,
2026-10-01,13:30,diario,RT-CCP-OPO-20270712-20270731,RT,CCP,OPO,OPO,2027-07-12,2027-07-31,ok,8,4380329,125,6abe606f3d8701cfab5b8c6e,data/raw/2026-10-01/RT-CCP-OPO-20270712-20270731.json.gz,
2026-10-01,13:30,diario,RT-SCL-LIS-20270711-20270729,RT,SCL,LIS,LIS,2027-07-11,2027-07-29,ok,9,2842284,123,6abe6075ff7aa2944349a239,data/raw/2026-10-01/RT-SCL-LIS-20270711-20270729.json.gz,
2026-10-01,13:30,diario,RT-SCL-OPO-20270711-20270730,RT,SCL,OPO,OPO,2027-07-11,2027-07-30,ok,8,2964457,122,6abe60783d0e4e8716791c84,data/raw/2026-10-01/RT-SCL-OPO-20270711-20270730.json.gz,
2026-10-01,13:30,diario,RT-SCL-LIS-20270711-20270730,RT,SCL,LIS,LIS,2027-07-11,2027-07-30,ok,11,3178906,121,6abe607f13f4b6d9abcb7ce1,data/raw/2026-10-01/RT-SCL-LIS-20270711-20270730.json.gz,
2026-10-02,13:30,diario,RT-SCL-OPO-20270712-20270731,RT,SCL,OPO,OPO,2027-07-12,2027-07-31,ok,11,3064871,121,6abfb1ddf7e99629bc0326df,data/raw/2026-10-02/RT-SCL-OPO-20270712-20270731.json.gz,
2026-10-02,13:30,diario,RT-SCL-LIS-20270712-20270731,RT,SCL,LIS,LIS,2027-07-12,2027-07-31,ok,11,3033774,121,6abfb1e402706a0e11cd9a98,data/raw/2026-10-02/RT-SCL-LIS-20270712-20270731.json.gz,
2026-10-02,13:30,diario,RT-CCP-OPO-20270712-20270731,RT,CCP,OPO,OPO,2027-07-12,2027-07-31,ok,8,4398139,119,6abfb1e7f5c2f82ea13eb0df,data/raw/2026-10-02/RT-CCP-OPO-20270712-20270731.json.gz,
2026-10-02,13:30,diario,RT-SCL-OPO-20270711-20270731,RT,SCL,OPO,OPO,2027-07-11,2027-07-31,ok,11,3022544,117,6abfb1ed5a5e96f46ff961d2,data/raw/2026-10-02/RT-SCL-OPO-20270711-20270731.json.gz,
2026-10-02,13:30,diario,RT-SCL-LIS-20270711-20270731,RT,SCL,LIS,LIS,2027-07-11,2027-07-31,ok,9,3033774,117,6abfb1f3cbcccf8cbd398998,data/raw/2026-10-02/RT-SCL-LIS-20270711-20270731.json.gz,
2026-10-02,13:30,diario,RT-SCL-OPO-20270711-20270801,RT,SCL,OPO,OPO,2027-07-11,2027-08-01,ok,1,2885039,115,6abfb1f710ceed6fee7601cb,data/raw/2026-10-02/RT-SCL-OPO-20270711-20270801.json.gz,vuelta verificada: 1 de 2 llegan a Chile a más tardar el 01-08
2026-10-03,13:30,diario,RT-SCL-OPO-20270712-20270731,RT,SCL,OPO,OPO,2027-07-12,2027-07-31,ok,10,3079288,113,6ac1035ce22fed0efde4be27,data/raw/2026-10-03/RT-SCL-OPO-20270712-20270731.json.gz,
2026-10-03,13:30,diario,RT-SCL-LIS-20270712-20270731,RT,SCL,LIS,LIS,2027-07-12,2027-07-31,ok,11,3047910,113,6ac10369412f43d366245116,data/raw/2026-10-03/RT-SCL-LIS-20270712-20270731.json.gz,
2026-10-03,13:30,diario,RT-CCP-OPO-20270712-20270731,RT,CCP,OPO,OPO,2027-07-12,2027-07-31,ok,8,4419680,111,6ac1036cce7719337c9b84af,data/raw/2026-10-03/RT-CCP-OPO-20270712-20270731.json.gz,
2026-10-03,13:30,diario,RT-SCL-LIS-20270711-20270801,RT,SCL,LIS,LIS,2027-07-11,2027-08-01,ok,1,2867682,109,6ac103722c2bb44f5804eeef,data/raw/2026-10-03/RT-SCL-LIS-20270711-20270801.json.gz,vuelta verificada: 1 de 5 llegan a Chile a más tardar el 01-08
2026-10-03,13:30,diario,RT-SCL-OPO-20270712-20270729,RT,SCL,OPO,OPO,2027-07-12,2027-07-29,ok,12,2899060,108,6ac1037b9d26cf170250e634,data/raw/2026-10-03/RT-SCL-OPO-20270712-20270729.json.gz,
2026-10-03,13:30,diario,RT-SCL-LIS-20270712-20270729,RT,SCL,LIS,LIS,2027-07-12,2027-07-29,ok,9,2867682,107,6ac10386dc74d059141cec2a,data/raw/2026-10-03/RT-SCL-LIS-20270712-20270729.json.gz,
2026-10-04,13:30,diario,RT-SCL-OPO-20270712-20270731,RT,SCL,OPO,OPO,2027-07-12,2027-07-31,ok,11,3079288,107,6ac254dd6372f3824a05b835,data/raw/2026-10-04/RT-SCL-OPO-20270712-20270731.json.gz,
2026-10-04,13:30,diario,RT-SCL-LIS-20270712-20270731,RT,SCL,LIS,LIS,2027-07-12,2027-07-31,ok,11,3047910,106,6ac254e3dc74d0eb5368ba86,data/raw/2026-10-04/RT-SCL-LIS-20270712-20270731.json.gz,
2026-10-04,13:30,diario,RT-CCP-OPO-20270712-20270731,RT,CCP,OPO,OPO,2027-07-12,2027-07-31,ok,8,4419680,104,6ac254e7a8dce6224910aa95,data/raw/2026-10-04/RT-CCP-OPO-20270712-20270731.json.gz,
2026-10-04,13:30,diario,RT-SCL-OPO-20270712-20270730,RT,SCL,OPO,OPO,2027-07-12,2027-07-30,ok,14,2991163,103,6ac254f2fd5991ebb145cb6d,data/raw/2026-10-04/RT-SCL-OPO-20270712-20270730.json.gz,
2026-10-04,13:30,diario,RT-SCL-LIS-20270712-20270730,RT,SCL,LIS,LIS,2027-07-12,2027-07-30,ok,11,3207472,103,6ac254fec06680c00ba3cef3,data/raw/2026-10-04/RT-SCL-LIS-20270712-20270730.json.gz,
2026-10-04,13:30,diario,RT-SCL-OPO-20270712-20270801,RT,SCL,OPO,OPO,2027-07-12,2027-08-01,ok,1,2899060,101,6ac255010558c0195fab609d,data/raw/2026-10-04/RT-SCL-OPO-20270712-20270801.json.gz,vuelta verificada: 1 de 3 llegan a Chile a más tardar el 01-08
2026-10-05,11:17,cyber,RT-SCL-OPO-20270712-20270731,RT,SCL,OPO,OPO,2027-07-12,2027-07-31,ok,10,2866845,99,6ac3873f3d870170e5ac483b,data/raw/2026-10-05/RT-SCL-OPO-20270712-20270731_cyber_0817.json.gz,
2026-10-05,11:17,cyber,RT-SCL-LIS-20270712-20270731,RT,SCL,LIS,LIS,2027-07-12,2027-07-31,ok,12,2859428,99,6ac387440676dcfdf38dc458,data/raw/2026-10-05/RT-SCL-LIS-20270712-20270731_cyber_0817.json.gz,
2026-10-05,11:17,cyber,RT-CCP-OPO-20270712-20270731,RT,CCP,OPO,OPO,2027-07-12,2027-07-31,ok,9,4513664,97,6ac38748a26f5612beb4e1c2,data/raw/2026-10-05/RT-CCP-OPO-20270712-20270731_cyber_0817.json.gz,
2026-10-05,11:17,cyber,RT-SCL-LIS-20270712-20270731-LA,RT,SCL,LIS,LIS,2027-07-12,2027-07-31,ok,4,3692517,97,6ac3874f79ac9a2a0c20c32b,data/raw/2026-10-05/RT-SCL-LIS-20270712-20270731-LA_cyber_0817.json.gz,
2026-10-05,13:30,diario,RT-SCL-OPO-20270712-20270731,RT,SCL,OPO,OPO,2027-07-12,2027-07-31,ok,12,2800569,95,6ac3a65b304eba5ddaef96f1,data/raw/2026-10-05/RT-SCL-OPO-20270712-20270731.json.gz,
2026-10-05,13:30,diario,RT-SCL-LIS-20270712-20270731,RT,SCL,LIS,LIS,2027-07-12,2027-07-31,ok,13,2859428,94,6ac3a6679d26cf4ce55b0b59,data/raw/2026-10-05/RT-SCL-LIS-20270712-20270731.json.gz,
2026-10-05,13:30,diario,RT-CCP-OPO-20270712-20270731,RT,CCP,OPO,OPO,2027-07-12,2027-07-31,ok,11,4513664,93,6ac3a66b392e0b889f04e50b,data/raw/2026-10-05/RT-CCP-OPO-20270712-20270731.json.gz,
2026-10-05,13:30,diario,RT-SCL-LIS-20270712-20270801,RT,SCL,LIS,LIS,2027-07-12,2027-08-01,ok,1,2736496,92,6ac3a676b9e869f73996236b,data/raw/2026-10-05/RT-SCL-LIS-20270712-20270801.json.gz,vuelta verificada: 1 de 5 llegan a Chile a más tardar el 01-08
2026-10-05,13:30,diario,RT-SCL-OPO-20270713-20270729,RT,SCL,OPO,OPO,2027-07-13,2027-07-29,ok,12,2684694,90,6ac3a67e0676dc0c6ae3ecbb,data/raw/2026-10-05/RT-SCL-OPO-20270713-20270729.json.gz,
2026-10-05,13:30,diario,RT-SCL-LIS-20270713-20270729,RT,SCL,LIS,LIS,2027-07-13,2027-07-29,ok,9,2653316,89,6ac3a68594c42b14f730fd6d,data/raw/2026-10-05/RT-SCL-LIS-20270713-20270729.json.gz,
2026-10-05,21:30,cyber,RT-SCL-OPO-20270712-20270731,RT,SCL,OPO,OPO,2027-07-12,2027-07-31,ok,11,2866845,89,6ac416db6f1e40a0970f44c6,data/raw/2026-10-05/RT-SCL-OPO-20270712-20270731_cyber_1830.json.gz,
2026-10-05,21:30,cyber,RT-SCL-LIS-20270712-20270731,RT,SCL,LIS,LIS,2027-07-12,2027-07-31,ok,13,2859428,87,6ac416e1ac176521f66b64a9,data/raw/2026-10-05/RT-SCL-LIS-20270712-20270731_cyber_1830.json.gz,
2026-10-05,21:30,cyber,RT-CCP-OPO-20270712-20270731,RT,CCP,OPO,OPO,2027-07-12,2027-07-31,ok,12,4513664,86,6ac416e8c0d7a38dbe1bf025,data/raw/2026-10-05/RT-CCP-OPO-20270712-20270731_cyber_1830.json.gz,
2026-10-05,21:30,cyber,RT-SCL-LIS-20270712-20270731-LA,RT,SCL,LIS,LIS,2027-07-12,2027-07-31,ok,4,3780627,86,6ac416ef2efef85a4c745bf6,data/raw/2026-10-05/RT-SCL-LIS-20270712-20270731-LA_cyber_1830.json.gz,
2026-10-06,12:12,cyber,RT-SCL-OPO-20270712-20270731,RT,SCL,OPO,OPO,2027-07-12,2027-07-31,ok,10,2983607,84,6ac4e5aad868dd05a1ee9e9d,data/raw/2026-10-06/RT-SCL-OPO-20270712-20270731_cyber_0912.json.gz,
2026-10-06,12:12,cyber,RT-SCL-LIS-20270712-20270731,RT,SCL,LIS,LIS,2027-07-12,2027-07-31,ok,13,3071113,83,6ac4e5b00257bb3e7f08e3f9,data/raw/2026-10-06/RT-SCL-LIS-20270712-20270731_cyber_0912.json.gz,
2026-10-06,12:12,cyber,RT-CCP-OPO-20270712-20270731,RT,CCP,OPO,OPO,2027-07-12,2027-07-31,ok,11,4568024,83,6ac4e5bb2c2bb46cbc6832c7,data/raw/2026-10-06/RT-CCP-OPO-20270712-20270731_cyber_0912.json.gz,
2026-10-06,12:12,cyber,RT-SCL-LIS-20270712-20270731-LA,RT,SCL,LIS,LIS,2027-07-12,2027-07-31,ok,4,3826632,82,6ac4e5c1874d50039f8f8dc9,data/raw/2026-10-06/RT-SCL-LIS-20270712-20270731-LA_cyber_0912.json.gz,
2026-10-06,13:30,diario,RT-SCL-OPO-20270712-20270731,RT,SCL,OPO,OPO,2027-07-12,2027-07-31,ok,11,2983607,80,6ac4f7dc28c7fba2579e1bd5,data/raw/2026-10-06/RT-SCL-OPO-20270712-20270731.json.gz,
2026-10-06,13:30,diario,RT-SCL-LIS-20270712-20270731,RT,SCL,LIS,LIS,2027-07-12,2027-07-31,ok,13,3071113,79,6ac4f7e27d6e7080fcf48f53,data/raw/2026-10-06/RT-SCL-LIS-20270712-20270731.json.gz,
2026-10-06,13:30,diario,RT-CCP-OPO-20270712-20270731,RT,CCP,OPO,OPO,2027-07-12,2027-07-31,ok,11,4568024,78,6ac4f7ebc2bb99e4ec67e60e,data/raw/2026-10-06/RT-CCP-OPO-20270712-20270731.json.gz,
2026-10-06,13:30,diario,RT-SCL-OPO-20270713-20270730,RT,SCL,OPO,OPO,2027-07-13,2027-07-30,ok,13,2709405,78,6ac4f7f6b24c5dbd5501beab,data/raw/2026-10-06/RT-SCL-OPO-20270713-20270730.json.gz,
2026-10-06,13:30,diario,RT-SCL-LIS-20270713-20270730,RT,SCL,LIS,LIS,2027-07-13,2027-07-30,ok,12,2677586,76,6ac4f7fd9701219beebb7937,data/raw/2026-10-06/RT-SCL-LIS-20270713-20270730.json.gz,
2026-10-06,13:30,diario,RT-SCL-OPO-20270713-20270731,RT,SCL,OPO,OPO,2027-07-13,2027-07-31,ok,8,3069037,75,6ac4f8086a1f11f70713114f,data/raw/2026-10-06/RT-SCL-OPO-20270713-20270731.json.gz,
2026-10-06,21:30,cyber,RT-SCL-OPO-20270712-20270731,RT,SCL,OPO,OPO,2027-07-12,2027-07-31,ok,11,2916689,74,6ac5685a41ffc8f5b56b0af2,data/raw/2026-10-06/RT-SCL-OPO-20270712-20270731_cyber_1830.json.gz,
2026-10-06,21:30,cyber,RT-SCL-LIS-20270712-20270731,RT,SCL,LIS,LIS,2027-07-12,2027-07-31,ok,13,3071113,74,6ac5685e018c48cebcc0de2d,data/raw/2026-10-06/RT-SCL-LIS-20270712-20270731_cyber_1830.json.gz,
2026-10-06,21:30,cyber,RT-CCP-OPO-20270712-20270731,RT,CCP,OPO,OPO,2027-07-12,2027-07-31,ok,11,4568024,73,6ac568623ee4c2f35f019ef3,data/raw/2026-10-06/RT-CCP-OPO-20270712-20270731_cyber_1830.json.gz,
2026-10-06,21:30,cyber,RT-SCL-LIS-20270712-20270731-LA,RT,SCL,LIS,LIS,2027-07-12,2027-07-31,ok,4,3826632,72,6ac568676ee47a94501a0bf9,data/raw/2026-10-06/RT-SCL-LIS-20270712-20270731-LA_cyber_1830.json.gz,
2026-10-07,03:30,cyber,RT-SCL-OPO-20270712-20270731,RT,SCL,OPO,OPO,2027-07-12,2027-07-31,ok,10,2946491,71,6ac5bcba556ce3c0d262fd61,data/raw/2026-10-07/RT-SCL-OPO-20270712-20270731_cyber_0030.json.gz,
2026-10-07,03:30,cyber,RT-SCL-LIS-20270712-20270731,RT,SCL,LIS,LIS,2027-07-12,2027-07-31,ok,12,3155555,70,6ac5bcbf6b036f40672ca7e4,data/raw/2026-10-07/RT-SCL-LIS-20270712-20270731_cyber_0030.json.gz,
2026-10-07,03:30,cyber,RT-CCP-OPO-20270712-20270731,RT,CCP,OPO,OPO,2027-07-12,2027-07-31,ok,11,4512701,68,6ac5bcc6b13aa72819db551d,data/raw/2026-10-07/RT-CCP-OPO-20270712-20270731_cyber_0030.json.gz,
2026-10-07,03:30,cyber,RT-SCL-LIS-20270712-20270731-LA,RT,SCL,LIS,LIS,2027-07-12,2027-07-31,ok,5,3779766,68,6ac5bccbec900d262e9d4320,data/raw/2026-10-07/RT-SCL-LIS-20270712-20270731-LA_cyber_0030.json.gz,
2026-10-07,13:30,diario,RT-SCL-OPO-20270712-20270731,RT,SCL,OPO,OPO,2027-07-12,2027-07-31,ok,11,2946491,66,6ac6495bbdfe496799a27dc8,data/raw/2026-10-07/RT-SCL-OPO-20270712-20270731.json.gz,
2026-10-07,13:30,diario,RT-SCL-LIS-20270712-20270731,RT,SCL,LIS,LIS,2027-07-12,2027-07-31,ok,10,3221393,66,6ac64960f7ae8d546a69c32e,data/raw/2026-10-07/RT-SCL-LIS-20270712-20270731.json.gz,
2026-10-07,13:30,diario,RT-CCP-OPO-20270712-20270731,RT,CCP,OPO,OPO,2027-07-12,2027-07-31,ok,11,4512701,65,6ac64964b8b4a5721cc09198,data/raw/2026-10-07/RT-CCP-OPO-20270712-20270731.json.gz,
2026-10-07,13:30,diario,RT-SCL-LIS-20270713-20270731,RT,SCL,LIS,LIS,2027-07-13,2027-07-31,ok,12,2791673,63,6ac64969dea4008f85b6cded,data/raw/2026-10-07/RT-SCL-LIS-20270713-20270731.json.gz,
2026-10-07,13:30,diario,RT-SCL-OPO-20270713-20270801,RT,SCL,OPO,OPO,2027-07-13,2027-08-01,ok,1,2683746,62,6ac6496e9c23125b88fb625a,data/raw/2026-10-07/RT-SCL-OPO-20270713-20270801.json.gz,vuelta verificada: 1 de 3 llegan a Chile a más tardar el 01-08
2026-10-07,13:30,diario,RT-SCL-LIS-20270713-20270801,RT,SCL,LIS,LIS,2027-07-13,2027-08-01,ok,1,2652221,60,6ac6497b6feec4e0f3b33f83,data/raw/2026-10-07/RT-SCL-LIS-20270713-20270801.json.gz,vuelta verificada: 1 de 5 llegan a Chile a más tardar el 01-08
